Date,High,Low,Open,Close,Volume,Adj Close
2016-12-12,37.3100013733,36.5600013733,36.7700004578,37.1699981689,5379900.0,36.4614334106
2016-12-13,38.1599998474,37.1899986267,37.3899993896,37.3199996948,9555900.0,36.6085739136
2016-12-14,37.2799987793,36.1199989319,37.2299995422,36.7400016785,13216400.0,36.0396347046
2016-12-15,37.4500007629,36.6100006104,36.9000015259,36.9900016785,6676600.0,36.284866333
2016-12-16,37.2299995422,36.3199996948,37.0499992371,36.4700012207,7632400.0,35.7747840881
2016-12-19,36.7799987793,35.8600006104,36.3300018311,36.6300010681,4941200.0,35.931728363
2016-12-20,37.2000007629,36.6399993896,36.6699981689,36.8300018311,5730900.0,36.1279182434
2016-12-21,37.1599998474,36.5699996948,36.9199981689,36.9000015259,6008700.0,36.1965827942
2016-12-22,36.9399986267,36.2599983215,36.9000015259,36.4399986267,5128800.0,35.7453460693
2016-12-23,36.75,36.4000015259,36.4399986267,36.5,2713900.0,35.8042068481
2016-12-27,36.7999992371,36.4700012207,36.5499992371,36.5299987793,2552300.0,35.8336334229
2016-12-28,36.9300003052,36.2200012207,36.6599998474,36.4300003052,4926000.0,35.7355422974
2016-12-29,36.7799987793,36.2900009155,36.5,36.4799995422,3855100.0,35.7845878601
2016-12-30,36.5600013733,35.9500007629,36.5299987793,36.1100006104,5090500.0,35.4216423035
2017-01-03,36.7900009155,36.1800003052,36.4399986267,36.6399993896,8360600.0,35.9415359497
2017-01-04,37.5299987793,36.6399993896,36.7700004578,37.3600006104,7643000.0,36.6478118896
2017-01-05,38.2700004578,37.3899993896,37.5,37.9399986267,9814400.0,37.2167549133
2017-01-06,38.1899986267,37.8199996948,37.9500007629,37.9099998474,8364900.0,37.1873283386
2017-01-09,38.1599998474,37.3699989319,38.0900001526,37.7000007629,5432400.0,36.9813308716
2017-01-10,38.4900016785,37.4900016785,37.6699981689,38.3800010681,7641000.0,37.6483726501
2017-01-11,39.2799987793,38.2999992371,38.4700012207,39.2000007629,9481800.0,38.4527397156
2017-01-12,39.4000015259,38.5600013733,38.9900016785,39.1300010681,7859500.0,38.3840713501
2017-01-13,39.3600006104,38.5900001526,38.6800003052,38.9500007629,6372900.0,38.2075042725
2017-01-17,39.2400016785,38.6699981689,38.9500007629,38.9500007629,5458400.0,38.2075042725
2017-01-18,39.1300010681,38.7099990845,39.0,39.0800018311,4404500.0,38.3350257874
2017-01-19,39.1500015259,38.8100013733,39.0499992371,38.8600006104,4611300.0,38.1192169189
2017-01-20,39.25,38.6500015259,39.0099983215,38.9700012207,6106800.0,38.2271194458
2017-01-23,39.1100006104,38.4900016785,38.9599990845,38.5299987793,5130900.0,37.7955093384
2017-01-24,39.1500015259,38.3800010681,38.5600013733,39.0999984741,8364600.0,38.3546409607
2017-01-25,39.5900001526,39.1199989319,39.3800010681,39.5600013733,4540400.0,38.8058776855
2017-01-26,39.6899986267,39.3199996948,39.6800003052,39.4700012207,3206200.0,38.7175941467
2017-01-27,39.7299995422,39.4099998474,39.6800003052,39.6100006104,5050500.0,38.8549232483
2017-01-30,39.7599983215,39.4599990845,39.5699996948,39.6100006104,5838200.0,38.8549232483
2017-01-31,40.2799987793,39.5200004578,39.5999984741,40.2099990845,10040000.0,39.44348526
2017-02-01,40.5600013733,39.1500015259,40.3199996948,40.4700012207,10384700.0,39.6985321045
2017-02-02,40.5999984741,40.0299987793,40.4599990845,40.4700012207,6111900.0,39.6985321045
2017-02-03,40.7299995422,39.9000015259,40.7099990845,40.0099983215,9142800.0,39.2472953796
2017-02-06,40.2200012207,39.6500015259,40.0400009155,40.1899986267,8967800.0,39.4238624573
2017-02-07,40.6500015259,39.8499984741,40.2200012207,40.0499992371,9390800.0,39.2865333557
2017-02-08,40.1199989319,39.1500015259,40.0999984741,39.1899986267,12140700.0,38.4429244995
2017-02-09,39.7799987793,38.9300003052,39.4099998474,39.7299995422,15752200.0,38.9726333618
2017-02-10,47.6399993896,44.9300003052,45.0,47.2299995422,51703500.0,46.329662323
2017-02-13,46.7000007629,45.3899993896,46.0400009155,45.7000007629,26382700.0,44.828830719
2017-02-14,45.8400001526,44.75,45.25,44.9799995422,15305700.0,44.1225547791
2017-02-15,45.6300010681,44.4700012207,44.7200012207,45.4799995422,11280800.0,44.6130218506
2017-02-16,45.6500015259,45.0699996948,45.3699989319,45.3899993896,8534800.0,44.5247383118
2017-02-17,45.4399986267,44.9300003052,45.4000015259,45.3300018311,5442100.0,44.4658851624
2017-02-21,45.75,45.3100013733,45.4099998474,45.3400001526,6675000.0,44.475692749
2017-02-22,45.4300003052,44.6800003052,45.0499992371,45.2299995422,6311100.0,44.3677902222
2017-02-23,45.3899993896,44.5999984741,45.2999992371,45.0800018311,5617300.0,44.2206459045
2017-02-24,45.6300010681,44.8400001526,44.9399986267,45.5499992371,5992200.0,44.6816864014
2017-02-27,46.0699996948,45.0200004578,45.3300018311,45.6899986267,5205700.0,44.8190193176
2017-02-28,45.9500007629,44.9500007629,45.5,45.1300010681,9161100.0,44.269695282
2017-03-01,47.3300018311,45.1800003052,45.4700012207,47.1399993896,15286300.0,46.2413749695
2017-03-02,47.2700004578,46.5600013733,47.1300010681,46.6800003052,7556100.0,45.790145874
2017-03-03,47.1599998474,46.5,46.5499992371,47.0699996948,5057700.0,46.1727104187
2017-03-06,47.9099998474,46.75,46.75,47.8100013733,8143900.0,46.8986053467
2017-03-07,48.3600006104,47.5699996948,47.7299995422,48.0600013733,8044500.0,47.1438407898
2017-03-08,48.7700004578,48.0,48.1199989319,48.5800018311,6803400.0,47.6539306641
2017-03-09,49.0900001526,48.5299987793,48.6699981689,49.0200004578,7193000.0,48.0855369568
2017-03-10,49.5699996948,48.7999992371,49.3300018311,49.2000007629,6811900.0,48.2621078491
2017-03-13,49.7000007629,49.1300010681,49.2999992371,49.5,7132600.0,48.5563926697
2017-03-14,49.3499984741,48.9599990845,49.2099990845,49.0800018311,6286700.0,48.1443977356
2017-03-15,49.4399986267,48.6199989319,49.0600013733,49.2200012207,5749200.0,48.2817306519
2017-03-16,49.4599990845,48.9300003052,49.2999992371,49.0999984741,4771300.0,48.1640129089
2017-03-17,49.3899993896,48.8600006104,49.3899993896,49.1300010681,7888700.0,48.1934432983
2017-03-20,49.3899993896,48.5800018311,49.1599998474,48.9599990845,4627200.0,48.0266838074
2017-03-21,49.4500007629,48.1699981689,49.0999984741,48.2200012207,9737800.0,47.3007926941
2017-03-22,48.7200012207,47.7999992371,48.0699996948,48.6800003052,6831900.0,47.7520217896
2017-03-23,48.8800010681,48.1300010681,48.6399993896,48.7799987793,5563700.0,47.850112915
2017-03-24,49.4099998474,48.7400016785,48.9700012207,49.1199989319,5562800.0,48.1836357117
2017-03-27,49.6599998474,48.7400016785,48.7400016785,49.2999992371,6153000.0,48.3602027893
2017-03-28,49.9799995422,49.0999984741,49.2400016785,49.7599983215,11900000.0,49.1102790833
2017-03-29,50.3199996948,49.9300003052,49.9900016785,50.1399993896,6115600.0,49.4853172302
2017-03-30,50.4000015259,50.0299987793,50.1199989319,50.1899986267,6779300.0,49.5346641541
2017-03-31,50.0900001526,49.6100006104,50.0200004578,49.8600006104,6801700.0,49.2089767456
2017-04-03,50.0699996948,49.25,49.8600006104,49.5299987793,4992200.0,48.8832817078
2017-04-04,49.5,48.8800010681,49.3699989319,49.0400009155,5724900.0,48.399684906
2017-04-05,49.75,48.8600006104,49.1899986267,49.2000007629,4606900.0,48.5575904846
2017-04-06,49.3899993896,48.9500007629,49.1899986267,49.3600006104,3412100.0,48.7155036926
2017-04-07,49.7200012207,49.2200012207,49.2999992371,49.6100006104,4050400.0,48.9622383118
2017-04-10,49.6399993896,48.8699989319,49.5,49.0400009155,4273300.0,48.399684906
2017-04-11,49.1399993896,48.6199989319,48.9000015259,49.0800018311,3558900.0,48.4391593933
2017-04-12,49.0200004578,48.4399986267,48.9099998474,48.6399993896,3634900.0,48.004901886
2017-04-13,49.1899986267,48.4099998474,48.7099990845,48.4199981689,3906300.0,47.787776947
2017-04-17,49.2599983215,48.5,48.5600013733,48.7999992371,5390600.0,48.162815094
2017-04-18,49.3699989319,48.5099983215,48.6199989319,49.1699981689,3751100.0,48.5279808044
2017-04-19,49.6599998474,49.1699981689,49.2099990845,49.3499984741,3216800.0,48.7056312561
2017-04-20,50.0600013733,49.4000015259,49.6399993896,49.9500007629,3965200.0,49.2978019714
2017-04-21,50.0400009155,49.5900001526,49.9900016785,49.8699989319,3352000.0,49.2188453674
2017-04-24,50.9099998474,50.3600006104,50.5,50.8800010681,3797400.0,50.2156562805
2017-04-25,51.6599998474,51.0,51.0200004578,51.3600006104,6042200.0,50.6893882751
2017-04-26,51.5,50.9099998474,51.3600006104,51.3600006104,4502500.0,50.6893882751
2017-04-27,52.2799987793,51.4099998474,51.5299987793,51.9099998474,4145200.0,51.232208252
2017-04-28,52.2700004578,51.5099983215,51.9000015259,52.25,6311800.0,51.5677680969
2017-05-01,53.0299987793,52.3199996948,52.6300010681,52.7000007629,5212400.0,52.0118942261
2017-05-02,53.3899993896,52.7700004578,53.1699981689,53.0299987793,4662300.0,52.3375854492
2017-05-03,53.3100013733,52.5499992371,53.1500015259,52.8400001526,4775900.0,52.150062561
2017-05-04,53.3800010681,52.4599990845,52.9700012207,53.0999984741,7891800.0,52.406665802
2017-05-05,54.75,53.0800018311,54.0099983215,53.8300018311,10514100.0,53.1271400452
2017-05-08,54.0999984741,53.3499984741,53.8100013733,53.9900016785,5184300.0,53.2850494385
2017-05-09,54.7900009155,53.7599983215,53.9399986267,54.6199989319,4718100.0,53.9068222046
2017-05-10,56.2299995422,54.9599990845,55.2599983215,55.9900016785,8243700.0,55.2589378357
2017-05-11,55.9799995422,55.3100013733,55.9700012207,55.75,4864300.0,55.0220680237
2017-05-12,56.0999984741,55.5099983215,55.9000015259,56.0099983215,3793900.0,55.2786712646
2017-05-15,56.5999984741,55.9099998474,56.0099983215,56.4099998474,6882300.0,55.67345047
2017-05-16,57.2999992371,56.4599990845,56.7099990845,56.7799987793,5304600.0,56.0386199951
2017-05-17,56.1500015259,54.1800003052,56.0999984741,54.2299995422,10298400.0,53.5219154358
2017-05-18,55.3899993896,53.6599998474,53.9000015259,55.1500015259,9242400.0,54.4299049377
2017-05-19,55.9799995422,54.9399986267,55.3199996948,55.8800010681,6032600.0,55.1503715515
2017-05-22,57.2299995422,55.7599983215,56.2000007629,57.1199989319,6976600.0,56.3741760254
2017-05-23,60.1300010681,57.1399993896,59.3699989319,57.7999992371,10327400.0,57.04529953
2017-05-24,58.5299987793,56.8800010681,57.9399986267,58.5099983215,7286700.0,57.7460289001
2017-05-25,59.4399986267,58.7299995422,58.9700012207,59.2200012207,7899100.0,58.4467582703
2017-05-26,59.2000007629,58.0099983215,59.1599998474,58.2799987793,7019200.0,57.5190315247
2017-05-30,58.6699981689,57.7700004578,58.4799995422,58.5800018311,5037400.0,57.8151168823
2017-05-31,58.8100013733,58.1199989319,58.5999984741,58.5800018311,9548000.0,57.8151168823
2017-06-01,59.5699996948,58.7000007629,58.8100013733,59.5600013733,10169600.0,58.7823219299
2017-06-02,59.7400016785,59.0200004578,59.6500015259,59.6500015259,4950700.0,58.8711471558
2017-06-05,60.4599990845,59.5600013733,59.7599983215,59.7999992371,3818300.0,59.0191879272
2017-06-06,60.2400016785,59.4399986267,59.9300003052,59.8400001526,3923100.0,59.0586624146
2017-06-07,60.8499984741,60.0200004578,60.0600013733,60.5299987793,6441400.0,59.739654541
2017-06-08,60.6899986267,59.5600013733,60.6500015259,60.5499992371,6513700.0,59.7593917847
2017-06-09,61.0999984741,56.9500007629,60.6300010681,58.0299987793,12888000.0,57.2722969055
2017-06-12,57.1699981689,55.4099998474,57.0600013733,56.7599983215,16120500.0,56.0188789368
2017-06-13,58.0499992371,56.6899986267,57.4599990845,57.9000015259,7157700.0,57.1439971924
2017-06-14,59.0299987793,57.5800018311,58.0299987793,58.4500007629,8272500.0,57.6868133545
2017-06-15,59.4700012207,57.1899986267,57.4000015259,58.9099998474,8690600.0,58.1408081055
2017-06-16,59.3899993896,58.4799995422,58.7599983215,58.7999992371,9273400.0,58.032245636
2017-06-19,60.4199981689,59.1599998474,59.1599998474,60.3199996948,5140300.0,59.5323982239
2017-06-20,61.0999984741,60.0900001526,60.4900016785,60.1500015259,5876700.0,59.3646202087
2017-06-21,60.9399986267,60.1399993896,60.5,60.6800003052,5385300.0,59.8876991272
2017-06-22,61.5800018311,60.3400001526,60.7299995422,61.1599998474,5402100.0,60.3614311218
2017-06-23,61.0900001526,60.1599998474,61.0299987793,60.4399986267,13794600.0,59.6508293152
2017-06-26,61.1800003052,59.5800018311,60.6800003052,60.2200012207,4319100.0,59.4337043762
2017-06-27,60.1100006104,58.0600013733,60.1100006104,58.2900009155,7195100.0,57.5289039612
2017-06-28,58.8300018311,57.7999992371,58.5499992371,58.8100013733,7829700.0,58.0421142578
2017-06-29,58.5,56.2200012207,58.4000015259,57.5800018311,8881400.0,56.8281745911
2017-06-30,58.1199989319,57.1699981689,57.9300003052,57.5699996948,6358700.0,56.8183021545
2017-07-03,57.9900016785,56.1500015259,57.7700004578,56.2599983215,4136000.0,55.5254058838
2017-07-05,57.5499992371,55.8600006104,56.6599998474,57.1599998474,6107700.0,56.4136581421
2017-07-06,57.0900001526,56.3100013733,56.5699996948,56.6199989319,6628500.0,55.8807067871
2017-07-07,58.3600006104,56.6100006104,56.75,58.0900001526,6223300.0,57.3315162659
2017-07-10,58.9199981689,57.9700012207,58.2799987793,58.5099983215,4690400.0,57.7460289001
2017-07-11,58.5699996948,57.6800003052,58.4300003052,57.9799995422,4498800.0,57.2229499817
2017-07-12,61.3300018311,58.4000015259,58.5900001526,61.0200004578,10107100.0,60.2232589722
2017-07-13,61.4000015259,60.1599998474,61.4000015259,60.5,7216600.0,59.7100486755
2017-07-14,61.2900009155,60.5900001526,60.8499984741,60.75,4551900.0,59.9567832947
2017-07-17,60.8899993896,60.1100006104,60.8199996948,60.5,3287300.0,59.7100486755
2017-07-18,61.3600006104,60.2799987793,60.6100006104,61.3300018311,4631300.0,60.5292129517
2017-07-19,62.3899993896,60.8699989319,61.5699996948,61.3300018311,5464600.0,60.5292129517
2017-07-20,61.7599983215,60.7799987793,61.4199981689,61.0800018311,3594700.0,60.2824745178
2017-07-21,61.3699989319,60.6300010681,60.7400016785,60.9300003052,5803700.0,60.1344337463
2017-07-24,61.5800018311,60.7999992371,60.9500007629,61.4399986267,5815400.0,60.6377716064
2017-07-25,61.9700012207,60.9199981689,61.6100006104,60.9500007629,4688000.0,60.15417099
2017-07-26,62.6399993896,61.1399993896,61.1500015259,62.6399993896,5162200.0,61.8221054077
2017-07-27,63.1899986267,59.8800010681,63.1699981689,61.1699981689,8111200.0,60.371295929
2017-07-28,61.7999992371,60.25,60.7599983215,61.4500007629,4285700.0,60.647644043
2017-07-31,61.9799995422,60.9799995422,61.5499992371,61.7799987793,4999700.0,60.9733352661
2017-08-01,62.4799995422,61.5200004578,62.2599983215,62.4000015259,4484500.0,61.5852394104
2017-08-02,62.6500015259,60.4300003052,62.5999984741,61.4500007629,5559200.0,60.647644043
2017-08-03,64.0599975586,61.7599983215,63.0099983215,63.9700012207,12368400.0,63.1347427368
2017-08-04,63.2999992371,61.2200012207,63.0200004578,62.0099983215,10545300.0,61.2003288269
2017-08-07,62.8499984741,61.7999992371,62.1399993896,62.5099983215,7287100.0,61.6938018799
2017-08-08,62.5200004578,61.1500015259,62.3100013733,61.3300018311,8668500.0,60.5292129517
2017-08-09,61.5699996948,60.3499984741,60.6300010681,61.3800010681,6023200.0,60.5785560608
2017-08-10,61.25,60.0999984741,60.8400001526,60.2099990845,6912900.0,59.4238319397
2017-08-11,61.0800018311,59.7700004578,60.2599983215,60.7400016785,5571300.0,59.9469146729
2017-08-14,63.0600013733,61.2999992371,61.5,61.8899993896,5131500.0,61.0818977356
2017-08-15,62.2999992371,61.4000015259,62.1399993896,61.9700012207,2982700.0,61.1608543396
2017-08-16,63.2099990845,61.8100013733,62.1300010681,62.8899993896,4509400.0,62.0688400269
2017-08-17,63.0400009155,61.3699989319,62.5699996948,61.3699989319,3430200.0,60.568687439
2017-08-18,62.4000015259,61.0499992371,61.2700004578,62.0099983215,4415800.0,61.2003288269
2017-08-21,62.2900009155,61.4300003052,62.0,61.7799987793,3425300.0,60.9733352661
2017-08-22,64.2900009155,62.0,62.0900001526,64.2600021362,7392300.0,63.420955658
2017-08-23,64.4800033569,63.4000015259,63.6800003052,64.0100021362,5316100.0,63.1742172241
2017-08-24,64.4499969482,62.7999992371,64.3099975586,63.4300003052,3906500.0,62.6017913818
2017-08-25,63.9599990845,62.4900016785,63.6300010681,62.5800018311,4363900.0,61.7628898621
2017-08-28,63.1199989319,62.3699989319,63.0900001526,62.75,3947100.0,61.9306678772
2017-08-29,63.8100013733,61.9500007629,62.0400009155,63.4799995422,4496700.0,62.651134491
2017-08-30,65.8000030518,63.3800010681,63.5299987793,65.6800003052,7465800.0,64.8224105835
2017-08-31,66.5800018311,65.1399993896,66.0,65.5599975586,7621700.0,64.7039718628
2017-09-01,65.8600006104,63.4300003052,65.6600036621,65.1200027466,5619600.0,64.2697296143
2017-09-05,65.25,64.1600036621,64.8399963379,65.0500030518,4836900.0,64.2006454468
2017-09-06,65.3000030518,63.8699989319,65.0899963379,64.0,5564800.0,63.1643486023
2017-09-07,65.8700027466,64.0599975586,64.3000030518,65.8300018311,7038400.0,64.970451355
2017-09-08,66.1699981689,64.7099990845,65.5400009155,64.9300003052,5224000.0,64.0822067261
2017-09-11,66.5,65.3300018311,65.5400009155,66.1600036621,5371700.0,65.2961425781
2017-09-12,66.5,65.25,66.4800033569,66.0899963379,5076700.0,65.2270507812
2017-09-13,66.0699996948,64.8700027466,65.9100036621,65.4000015259,4904300.0,64.5460662842
2017-09-14,66.0,64.6800003052,65.0299987793,65.1699981689,4769100.0,64.3190689087
2017-09-15,65.4599990845,64.6800003052,65.3199996948,65.0,16172800.0,64.1512908936
2017-09-18,65.4499969482,64.0199966431,65.0,64.1999969482,6266000.0,63.3617324829
2017-09-19,64.6100006104,63.3300018311,64.3399963379,64.3099975586,6652400.0,63.4702949524
2017-09-20,65.1900024414,63.8699989319,64.8099975586,65.0,6343500.0,64.1512908936
2017-09-21,64.9700012207,63.8400001526,64.7799987793,64.1100006104,4465600.0,63.2729110718
2017-09-22,64.5899963379,63.3400001526,63.7400016785,63.9000015259,5665200.0,63.0656547546
2017-09-25,63.75,61.3199996948,63.6199989319,62.1399993896,9230800.0,61.3286361694
2017-09-26,62.75,61.5800018311,62.5299987793,61.7599983215,5637900.0,60.9535903931
2017-09-27,63.4500007629,61.9900016785,62.0,63.0900001526,5001700.0,62.2662315369
2017-09-28,63.5999984741,62.6300010681,63.0499992371,63.5400009155,5928500.0,62.7103538513
2017-09-29,64.7099990845,63.4399986267,63.4900016785,64.5100021362,5048300.0,63.6676902771
2017-10-02,64.7099990845,62.9900016785,64.4199981689,63.3899993896,5570400.0,62.5623092651
2017-10-03,63.7900009155,62.9500007629,63.6100006104,63.4500007629,3775800.0,62.6215286255
2017-10-04,63.3300018311,62.1500015259,63.0699996948,62.6300010681,6693000.0,61.8122367859
2017-10-05,63.2400016785,62.2099990845,62.6500015259,63.0900001526,4505500.0,62.2662315369
2017-10-06,63.3800010681,62.2900009155,62.7299995422,63.25,3837200.0,62.4241409302
2017-10-09,61.7400016785,60.5600013733,61.5,61.1800003052,8840900.0,60.3811683655
2017-10-10,61.5600013733,60.7599983215,61.1500015259,61.4500007629,5735600.0,60.647644043
2017-10-11,61.3899993896,60.5200004578,61.2700004578,61.3600006104,5644600.0,60.5588188171
2017-10-12,62.5800018311,61.2000007629,61.4500007629,62.0499992371,4715600.0,61.2398109436
2017-10-13,62.4399986267,60.5499992371,62.3800010681,61.0800018311,7151600.0,60.2824745178
2017-10-16,61.9700012207,61.0099983215,61.1199989319,61.4799995422,4538700.0,60.6772499084
2017-10-17,61.8600006104,60.9700012207,61.5299987793,61.6599998474,2674800.0,60.8549003601
2017-10-18,62.1199989319,61.4599990845,61.7200012207,61.5,3930200.0,60.6969909668
2017-10-19,62.0299987793,60.3600006104,60.9500007629,61.9900016785,5123500.0,61.1805953979
2017-10-20,63.1399993896,62.2299995422,62.4799995422,62.6300010681,5283200.0,61.8122367859
2017-10-23,62.8800010681,61.2299995422,62.7000007629,61.4599990845,4281000.0,60.6575126648
2017-10-24,63.3300018311,61.7400016785,61.9399986267,62.7299995422,6098700.0,61.9109306335
2017-10-25,62.5999984741,61.1899986267,62.2799987793,61.8100013733,5419600.0,61.0029449463
2017-10-26,62.5900001526,61.8800010681,62.2700004578,62.0600013733,4846400.0,61.2496795654
2017-10-27,64.2699966431,62.3600006104,62.3600006104,64.1399993896,6174600.0,63.302520752
2017-10-30,65.5800018311,64.2699966431,64.3300018311,65.3000030518,6567700.0,64.4473800659
2017-10-31,66.0299987793,64.8600006104,65.3399963379,65.4899978638,6876900.0,64.6348876953
2017-11-01,65.7799987793,64.25,65.6900024414,65.3300018311,5139100.0,64.4769821167
2017-11-02,65.8399963379,64.8300018311,65.4100036621,65.4499969482,6129400.0,64.595413208
2017-11-03,67.0299987793,62.1100006104,66.8700027466,63.2000007629,18879300.0,62.3747940063
2017-11-06,63.7200012207,60.7099990845,63.4099998474,60.8699989319,12947200.0,60.0752182007
2017-11-07,61.3499984741,60.0999984741,61.0900001526,60.9599990845,7597800.0,60.1640434265
2017-11-08,64.9000015259,62.1500015259,62.5,64.5500030518,12604700.0,63.7071685791
2017-11-09,64.1800003052,62.5900001526,63.4900016785,63.3100013733,5421700.0,62.4833564758
2017-11-10,63.0699996948,62.25,62.8699989319,63.0,4858900.0,62.177406311
2017-11-13,63.9700012207,62.6699981689,62.7200012207,63.6199989319,3036800.0,62.7893104553
2017-11-14,64.4000015259,62.7900009155,63.3699989319,64.0299987793,4562800.0,63.1939544678
2017-11-15,63.6699981689,62.5,63.4300003052,62.8899993896,4071100.0,62.0688400269
2017-11-16,64.4100036621,63.0400009155,63.1300010681,64.1299972534,4589000.0,63.2926445007
2017-11-17,64.4400024414,63.1800003052,64.0,64.0999984741,4213400.0,63.2630386353
2017-11-20,64.1800003052,63.2799987793,63.9300003052,63.9300003052,3144400.0,63.0952606201
2017-11-21,64.9499969482,64.1900024414,64.4899978638,64.5,3749400.0,63.6578178406
2017-11-22,66.3099975586,64.8899993896,64.9100036621,65.1399993896,5728900.0,64.2894668579
2017-11-24,66.1399993896,65.1200027466,65.1800003052,66.0299987793,1644700.0,65.1678390503
2017-11-27,66.4499969482,65.6299972534,66.1800003052,65.7399978638,4116600.0,64.8816223145
2017-11-28,66.4599990845,65.8399963379,66.0199966431,65.9700012207,3976600.0,65.1086273193
2017-11-29,65.7099990845,61.9500007629,65.6100006104,62.0099983215,9261600.0,61.2003288269
2017-11-30,62.7299995422,60.8600006104,62.5499992371,62.4000015259,8947400.0,61.5852394104
2017-12-01,62.6899986267,60.7099990845,61.9599990845,61.9599990845,5443400.0,61.1509857178
2017-12-04,62.4799995422,58.3499984741,62.3899993896,58.5999984741,12491600.0,57.834854126
2017-12-05,60.7200012207,57.2900009155,57.6399993896,59.5499992371,7681800.0,58.7724494934
2017-12-06,60.8100013733,58.6300010681,59.4799995422,60.75,8302600.0,59.9567832947
2017-12-07,62.4500007629,60.6899986267,60.7999992371,61.5699996948,7202200.0,60.7660751343
2017-12-08,63.5099983215,62.0400009155,62.2599983215,62.4300003052,6009100.0,61.6148490906
2017-12-11,63.1800003052,62.1399993896,62.1399993896,63.1699981689,4072700.0,62.3451843262
2017-12-12,64.6900024414,63.2000007629,64.1100006104,64.4000015259,6460100.0,63.5591239929
2017-12-13,65.2799987793,64.3000030518,64.8499984741,64.5999984741,5536600.0,63.7565116882
2017-12-14,65.4499969482,64.5400009155,64.6999969482,65.0299987793,4737100.0,64.1809005737
2017-12-15,67.0,64.9899978638,65.4700012207,66.7300033569,9737000.0,65.8587036133
2017-12-18,67.4000015259,65.8799972534,67.0800018311,66.0100021362,6236800.0,65.1481018066
2017-12-19,66.25,64.3899993896,66.0999984741,64.9000015259,6141600.0,64.0525970459
2017-12-20,65.4400024414,64.0100021362,65.3099975586,64.3799972534,4714000.0,63.5393829346
2017-12-21,65.1999969482,64.1399993896,64.5100021362,65.0800018311,3362500.0,64.2302474976
2017-12-22,64.9499969482,64.3799972534,64.8600006104,64.5100021362,3300500.0,63.6676902771
2017-12-26,64.4700012207,63.3800010681,64.2399978638,63.4500007629,3236200.0,62.6215286255
2017-12-27,63.7400016785,63.0699996948,63.6699981689,63.3400001526,4840700.0,62.512966156
2017-12-28,63.5,62.5999984741,63.3400001526,63.4000015259,3108800.0,62.5721817017
2017-12-29,63.8300018311,63.1199989319,63.5900001526,63.3199996948,3218000.0,62.4932289124
2018-01-02,64.6699981689,63.3699989319,63.5400009155,64.3099975586,5138800.0,63.4702949524
2018-01-03,65.75,64.4000015259,64.5500030518,65.3099975586,4383900.0,64.4572372437
2018-01-04,65.8700027466,64.3600006104,65.75,64.6600036621,3919800.0,63.8157310486
2018-01-05,66.4700012207,64.4899978638,64.8799972534,66.3700027466,4999100.0,65.50340271
2018-01-08,67.2699966431,65.6500015259,66.4899978638,66.6299972534,4622400.0,65.7600021362
2018-01-09,66.75,64.9000015259,66.75,66.1900024414,5995900.0,65.3257522583
2018-01-10,66.9400024414,65.7799987793,65.9300003052,66.8300018311,4504000.0,65.9574050903
2018-01-11,69.3300018311,67.2300033569,68.2900009155,69.2399978638,8176300.0,68.3359222412
2018-01-12,70.7099990845,69.0500030518,69.6999969482,70.3600006104,8021900.0,69.4412994385
2018-01-16,71.1800003052,68.4000015259,70.9199981689,68.7099990845,5371700.0,67.8128509521
2018-01-17,70.8199996948,68.7900009155,69.9700012207,70.3600006104,7076100.0,69.4412994385
2018-01-18,70.7200012207,69.1699981689,70.1100006104,69.8000030518,5620200.0,68.8886184692
2018-01-19,70.8399963379,69.4800033569,70.2200012207,70.5699996948,5210000.0,69.6485595703
2018-01-22,71.4000015259,69.6800003052,70.4499969482,71.3000030518,3862700.0,70.3690338135
2018-01-23,72.3700027466,71.1500015259,71.3199996948,71.5500030518,5194900.0,70.6157684326
2018-01-24,71.9000015259,69.8799972534,71.6600036621,70.0800018311,9137400.0,69.1649627686
2018-01-25,71.1999969482,69.9499969482,70.5999984741,70.8199996948,4676900.0,69.8953018188
2018-01-26,72.5899963379,70.7600021362,71.3399963379,72.5199966431,5748500.0,71.573097229
2018-01-29,72.6800003052,71.6999969482,72.5,72.4499969482,7863800.0,71.5040054321
2018-01-30,71.8799972534,70.7300033569,71.4400024414,71.6100006104,5284600.0,70.674987793
2018-01-31,74.9400024414,72.9599990845,72.9599990845,74.1299972534,7059000.0,73.1620788574
2018-02-01,74.2399978638,73.1600036621,73.4800033569,73.3499984741,5137000.0,72.3922576904
2018-02-02,72.9599990845,71.3799972534,72.6600036621,71.4199981689,6198400.0,70.4874572754
2018-02-05,71.1299972534,66.9100036621,70.5400009155,67.9800033569,10160700.0,67.0923843384
2018-02-06,69.8399963379,65.7200012207,66.0,69.6999969482,10524300.0,68.7899169922
2018-02-07,70.8600006104,69.4300003052,69.6200027466,69.4599990845,6255200.0,68.5530548096
2018-02-08,69.7900009155,65.7600021362,69.6299972534,65.8300018311,11179300.0,64.970451355
2018-02-09,67.7799987793,63.3199996948,66.9899978638,67.0800018311,18582300.0,66.2041320801
2018-02-12,69.1999969482,67.1600036621,67.1600036621,68.3199996948,8315700.0,67.4279403687
2018-02-13,68.2099990845,67.1800003052,67.9599990845,68.0299987793,5373600.0,67.1417236328
2018-02-14,69.9000015259,67.1100006104,67.2099990845,69.6500015259,7197600.0,68.7405776978
2018-02-15,72.0699996948,69.0500030518,70.0,71.9899978638,6182500.0,71.0500183105
2018-02-16,72.1299972534,69.7900009155,71.9599990845,70.1900024414,6497700.0,69.2735290527
2018-02-20,71.2900009155,69.75,69.9700012207,70.8399963379,5386400.0,69.9150314331
2018-02-21,71.8399963379,70.2200012207,70.9000015259,70.2200012207,5555700.0,69.3031387329
2018-02-22,70.6999969482,69.0699996948,70.0599975586,69.4899978638,5229200.0,68.5826644897
2018-02-23,72.0699996948,69.7900009155,69.9499969482,72.0699996948,5842100.0,71.1289749146
2018-02-26,74.1200027466,72.6800003052,72.6800003052,73.1600036621,4868500.0,72.204750061
2018-02-27,73.3600006104,72.0199966431,73.0500030518,72.6100006104,4141800.0,71.6619262695
2018-02-28,74.8199996948,72.9700012207,73.1500015259,73.1299972534,7469700.0,72.1751327515
2018-03-01,73.4199981689,71.5199966431,73.1600036621,72.0100021362,8123900.0,71.0697631836
2018-03-02,74.3499984741,70.7399978638,71.2200012207,74.0100021362,6942400.0,73.0436477661
2018-03-05,75.3499984741,72.9199981689,73.6600036621,75.0999984741,6276500.0,74.1194076538
2018-03-06,75.4800033569,72.8600006104,75.4000015259,73.9199981689,8413300.0,72.9548187256
2018-03-07,74.1399993896,72.75,73.3799972534,74.0699996948,5834800.0,73.1028594971
2018-03-08,76.9100036621,74.2300033569,74.5100021362,76.8099975586,8860500.0,75.8070831299
2018-03-09,78.25,76.4100036621,76.8600006104,78.2200012207,8934700.0,77.198677063
2018-03-12,79.6299972534,76.2900009155,79.2399978638,76.8600006104,8450800.0,75.8564300537
2018-03-13,77.8499984741,75.8099975586,77.4899978638,75.9300003052,5108500.0,74.938583374
2018-03-14,76.4599990845,73.9300003052,76.3499984741,74.2200012207,11755700.0,73.2509078979
2018-03-15,73.6999969482,72.5100021362,72.9899978638,73.3799972534,9989800.0,72.4218673706
2018-03-16,73.9000015259,71.6100006104,73.8700027466,71.6800003052,10549900.0,70.7440719604
2018-03-19,72.1500015259,69.8099975586,71.0,71.0500030518,8278500.0,70.1222991943
2018-03-20,72.0800018311,70.8399963379,71.3399963379,71.3700027466,3994500.0,70.438117981
2018-03-21,72.6299972534,71.1100006104,71.1999969482,71.6100006104,4868800.0,70.674987793
2018-03-22,71.6299972534,69.6500015259,70.6299972534,69.7600021362,5108100.0,68.8491363525
2018-03-23,70.5199966431,68.0199966431,69.8600006104,68.0400009155,5386400.0,67.1516036987
2018-03-26,70.1399993896,68.4300003052,69.4300003052,70.0800018311,4709400.0,69.1649627686
2018-03-27,70.6699981689,65.5599975586,70.6699981689,66.2900009155,7334900.0,65.4244537354
2018-03-28,66.5400009155,64.4499969482,65.9300003052,65.9700012207,10463600.0,65.4442901611
2018-03-29,68.0100021362,64.9199981689,66.3399963379,67.4599990845,11704300.0,66.922416687
2018-04-02,67.2300033569,64.0899963379,66.8000030518,65.0899963379,9041800.0,64.5712966919
2018-04-03,65.8600006104,64.0899963379,65.3899993896,65.4800033569,7186400.0,64.9581985474
2018-04-04,66.5199966431,63.5200004578,63.9599990845,66.2699966431,5231700.0,65.7418899536
2018-04-05,67.6600036621,66.1500015259,67.1999969482,66.5299987793,4489700.0,65.9998245239
2018-04-06,66.3600006104,64.1299972534,65.8499984741,64.5599975586,4599100.0,64.0455245972
2018-04-09,66.7699966431,64.9599990845,65.1600036621,65.7699966431,6587800.0,65.245880127
2018-04-10,67.0500030518,65.3000030518,66.9599990845,66.5199966431,6317100.0,65.9898986816
2018-04-11,66.7699966431,65.7099990845,65.8000030518,65.8499984741,3140300.0,65.3252410889
2018-04-12,67.5800018311,65.8000030518,66.25,67.2200012207,4614900.0,66.6843261719
2018-04-13,67.5899963379,65.2900009155,67.4599990845,65.8799972534,4842600.0,65.3550033569
2018-04-16,66.8499984741,65.7600021362,66.5299987793,66.5599975586,5717800.0,66.029586792
2018-04-17,68.5199966431,67.0999984741,67.25,68.2799987793,5676300.0,67.7358779907
2018-04-18,69.0100021362,67.9700012207,68.75,68.6900024414,4257400.0,68.142616272
2018-04-19,68.7200012207,67.4400024414,68.25,67.6800003052,4564300.0,67.140663147
2018-04-20,67.4700012207,65.9599990845,67.4400024414,66.3000030518,4759400.0,65.7716598511
2018-04-23,67.8399963379,65.9700012207,66.5999984741,66.2300033569,4423600.0,65.7022171021
2018-04-24,67.2399978638,64.7099990845,66.6200027466,65.3399963379,4825800.0,64.8193054199
2018-04-25,65.7600021362,64.0100021362,65.3799972534,64.8199996948,3903600.0,64.3034515381
2018-04-26,66.6900024414,64.9300003052,65.2600021362,66.3399963379,4601500.0,65.8113327026
2018-04-27,67.3000030518,65.5100021362,66.6900024414,65.7900009155,4749700.0,65.2657241821
2018-04-30,66.5999984741,65.2799987793,65.8600006104,66.3499984741,5060800.0,65.8212585449
2018-05-01,67.9899978638,65.5899963379,66.1500015259,67.8000030518,4360300.0,67.2597045898
2018-05-02,68.8899993896,67.6600036621,67.9400024414,68.3899993896,7675100.0,67.8450012207
2018-05-03,71.0299987793,64.0599975586,68.4899978638,66.8199996948,22232000.0,66.2875137329
2018-05-04,69.9199981689,66.0199966431,66.3000030518,69.8399963379,11358700.0,69.2834472656
2018-05-07,70.7300033569,69.5999984741,70.2699966431,70.3700027466,5744500.0,69.8092269897
2018-05-08,70.1600036621,69.1800003052,69.6600036621,69.6100006104,4059200.0,69.0552825928
2018-05-09,72.0400009155,69.8099975586,69.9800033569,71.3099975586,5664500.0,70.7417297363
2018-05-10,72.9100036621,71.3199996948,71.7799987793,72.9000015259,5069900.0,72.3190612793
2018-05-11,72.7799987793,71.2699966431,72.7699966431,71.6999969482,4996300.0,71.1286239624
2018-05-14,72.3399963379,71.0400009155,71.8700027466,71.6999969482,2964800.0,71.1286239624
2018-05-15,71.1600036621,69.6699981689,70.9800033569,70.1699981689,3896200.0,69.6108169556
2018-05-16,71.9400024414,70.0999984741,71.1299972534,70.3300018311,5029500.0,69.7695465088
2018-05-17,71.9000015259,70.1100006104,70.3000030518,71.6600036621,6447400.0,71.0889511108
2018-05-18,72.1399993896,71.0500030518,71.5199966431,71.9899978638,5673300.0,71.4163131714
2018-05-21,73.5,71.1900024414,72.5,71.4499969482,6392100.0,70.8806152344
2018-05-22,72.5699996948,71.2300033569,71.9499969482,71.3499984741,4008800.0,70.7814102173
2018-05-23,71.8099975586,70.5500030518,70.7300033569,71.7399978638,3809400.0,71.1683044434
2018-05-24,71.9400024414,70.0500030518,71.75,70.8000030518,5526000.0,70.2358016968
2018-05-25,71.8099975586,70.5999984741,70.6600036621,71.4599990845,3705600.0,70.8905334473
2018-05-29,71.1900024414,69.8700027466,70.8000030518,70.6399993896,4855900.0,70.0770721436
2018-05-30,71.2099990845,70.5100021362,70.9199981689,70.6900024414,4093800.0,70.1266784668
2018-05-31,72.2799987793,70.6900024414,70.8300018311,70.9100036621,6050300.0,70.3449249268
2018-06-01,73.2099990845,70.7699966431,71.4199981689,73.0299987793,6388400.0,72.4480285645
2018-06-04,73.8600006104,72.6600036621,73.25,72.7900009155,4134500.0,72.2099380493
2018-06-05,73.3499984741,72.1900024414,72.7900009155,72.7699966431,5354000.0,72.1900939941
2018-06-06,75.0100021362,73.2600021362,73.2600021362,74.7900009155,6638500.0,74.1940002441
2018-06-07,75.2799987793,73.0800018311,74.7900009155,73.9499969482,4686500.0,73.3606948853
2018-06-08,74.8300018311,73.4499969482,73.4499969482,74.2900009155,4672600.0,73.6979904175
2018-06-11,75.5299987793,74.2200012207,74.25,75.0,5108000.0,74.4023284912
2018-06-12,76.0400009155,74.7900009155,75.2300033569,75.9400024414,4311500.0,75.3348388672
2018-06-13,77.5199966431,75.6999969482,76.0400009155,76.6699981689,8634800.0,76.0590209961
2018-06-14,79.25,76.8000030518,76.8300018311,77.7099990845,6717600.0,77.0907287598
2018-06-15,77.8300018311,76.3700027466,77.6600036621,77.4100036621,6596100.0,76.7931289673
2018-06-18,77.9300003052,76.4700012207,77.0199966431,77.8700027466,3993000.0,77.249458313
2018-06-19,77.3000030518,75.6600036621,76.6399993896,77.2399978638,3735300.0,76.6244735718
2018-06-20,77.6699981689,76.7799987793,77.25,76.8399963379,3566100.0,76.2276611328
2018-06-21,77.9100036621,75.3099975586,77.1699981689,76.0500030518,4233800.0,75.4439620972
2018-06-22,76.5599975586,75.2200012207,76.4599990845,75.9800033569,3978800.0,75.3745193481
2018-06-25,75.4000015259,74.1399993896,75.1900024414,74.6999969482,5390800.0,74.1047134399
2018-06-26,76.4199981689,74.4300003052,75.3199996948,75.2699966431,4865400.0,74.670173645
2018-06-27,75.8899993896,73.4000015259,75.7699966431,73.4199981689,4497400.0,72.8349151611
2018-06-28,76.1900024414,73.6600036621,74.0,76.0100021362,4755200.0,75.4042816162
2018-06-29,77.2399978638,76.0800018311,76.4400024414,76.3199996948,5072600.0,75.711807251
2018-07-02,77.3300018311,75.0,75.3600006104,77.2799987793,3324900.0,76.6641540527
2018-07-03,77.6800003052,75.7200012207,77.6800003052,75.8799972534,2028300.0,75.2753143311
2018-07-05,76.8099975586,75.6900024414,76.5100021362,76.1900024414,7998800.0,75.5828475952
2018-07-06,77.4800033569,76.0199966431,76.1999969482,77.1900024414,2954200.0,76.5748748779
2018-07-09,77.9899978638,75.9300003052,77.6999969482,76.8399963379,4518400.0,76.2276611328
2018-07-10,77.0699996948,75.6699981689,77.0,76.1900024414,2944700.0,75.5828475952
2018-07-11,79.3600006104,75.3499984741,75.3499984741,78.6100006104,8191900.0,77.9835586548
2018-07-12,81.4599990845,78.6699981689,79.2900009155,81.3700027466,8698500.0,80.7215652466
2018-07-13,81.6399993896,79.9199981689,81.4000015259,81.5,4550500.0,80.8505325317
2018-07-16,81.6399993896,80.0999984741,81.6100006104,80.2300033569,4153300.0,79.5906524658
2018-07-17,81.1600036621,77.5500030518,79.1600036621,80.9499969482,4862800.0,80.3049087524
2018-07-18,81.4700012207,80.4000015259,80.75,81.2699966431,5273700.0,80.6223602295
2018-07-19,81.1900024414,80.1900024414,81.0199966431,80.6100006104,3541200.0,79.9676208496
2018-07-20,80.9599990845,79.5500030518,80.9400024414,79.6500015259,5663900.0,79.0152740479
2018-07-23,80.0,78.8199996948,79.5,79.75,3253600.0,79.1144790649
2018-07-24,80.1999969482,77.9599990845,80.0999984741,78.4100036621,4762900.0,77.78515625
2018-07-25,79.7399978638,78.3199996948,78.5999984741,79.4499969482,4348100.0,78.8168640137
2018-07-26,79.6200027466,77.4599990845,79.3899993896,77.6500015259,6181300.0,77.031211853
2018-07-27,77.5699996948,74.6699981689,77.0800018311,75.3600006104,6078100.0,74.7594604492
2018-07-30,75.4800033569,71.7900009155,75.3700027466,72.75,8906900.0,72.1702575684
2018-07-31,74.2900009155,72.5199966431,72.9100036621,73.4199981689,6373200.0,72.8349151611
2018-08-01,74.5800018311,72.9199981689,73.7699966431,73.0800018311,6069900.0,72.4976272583
2018-08-02,74.1600036621,72.5500030518,73.6500015259,74.0599975586,6621500.0,73.4698181152
2018-08-03,75.25,70.7300033569,74.5,71.3199996948,12700400.0,70.7516555786
2018-08-06,71.6100006104,70.4599990845,71.1600036621,70.5699996948,6394800.0,70.0076293945
2018-08-07,71.6699981689,69.8700027466,70.5699996948,70.2300033569,7887300.0,69.6703414917
2018-08-08,70.5500030518,69.2699966431,70.0699996948,70.0100021362,6922800.0,69.4520950317
2018-08-09,70.9700012207,69.5599975586,70.0199966431,70.5,7571000.0,69.9381866455
2018-08-10,71.0400009155,69.7699966431,70.0999984741,70.6100006104,4629000.0,70.0473098755
2018-08-13,72.3000030518,70.2600021362,70.6100006104,70.5199966431,5721500.0,69.9580230713
2018-08-14,71.7399978638,70.1800003052,71.0500030518,71.2900009155,4830000.0,70.7218933105
2018-08-15,70.8099975586,68.4400024414,70.3899993896,69.3099975586,8564500.0,68.7576675415
2018-08-16,69.9899978638,68.9100036621,69.6800003052,69.6900024414,9465200.0,69.1346435547
2018-08-17,69.6699981689,68.3300018311,69.5100021362,69.1500015259,5551700.0,68.5989456177
2018-08-20,69.3899993896,68.2200012207,69.2099990845,68.9300003052,4579800.0,68.3806991577
2018-08-21,70.2600021362,69.0400009155,69.2699966431,69.6600036621,6014100.0,69.104888916
2018-08-22,71.5199966431,69.5,69.5800018311,71.4300003052,7987900.0,70.8607788086
2018-08-23,71.9000015259,70.5100021362,71.5599975586,71.1699981689,6789500.0,70.6028442383
2018-08-24,74.1600036621,71.4599990845,71.7099990845,74.0899963379,8889500.0,73.4995727539
2018-08-27,75.0,73.3300018311,74.8700027466,74.0899963379,5912600.0,73.4995727539
2018-08-28,74.3300018311,73.3899993896,74.25,74.0,4079800.0,73.4102935791
2018-08-29,75.4000015259,73.8799972534,73.9400024414,74.9100036621,4763300.0,74.3130493164
2018-08-30,75.7699966431,73.5999984741,74.4000015259,74.0999984741,7819100.0,73.5094985962
2018-08-31,72.4499969482,71.0100021362,71.5199966431,72.0999984741,9950700.0,71.5254364014
2018-09-04,73.0400009155,72.0299987793,72.1299972534,72.9800033569,6618200.0,72.3984298706
2018-09-05,73.1800003052,71.0,72.9300003052,71.6500015259,5304300.0,71.0790252686
2018-09-06,72.4300003052,71.1500015259,71.6299972534,71.9599990845,5784800.0,71.3865509033
2018-09-07,73.7099990845,71.8099975586,71.8300018311,73.5699996948,5053700.0,72.9837265015
2018-09-10,74.7300033569,73.25,73.8799972534,74.2600021362,5277200.0,73.6682281494
2018-09-11,79.5400009155,74.6600036621,74.8799972534,79.5,14053600.0,78.8664703369
2018-09-12,81.4899978638,78.8000030518,79.6999969482,80.5199966431,8838000.0,79.8783340454
2018-09-13,81.4000015259,79.8300018311,80.5899963379,80.4300003052,6031400.0,79.7890548706
2018-09-14,82.0299987793,80.4300003052,80.5,81.2699966431,6022400.0,80.6223602295
2018-09-17,81.8799972534,78.6600036621,81.4899978638,78.8799972534,6304900.0,78.2514038086
2018-09-18,80.3799972534,78.8199996948,78.8199996948,79.6299972534,4943100.0,78.9954299927
2018-09-19,80.1299972534,78.5199966431,79.9300003052,79.5800018311,3882300.0,78.9458312988
2018-09-20,81.0400009155,79.3499984741,79.9100036621,80.6500015259,4388900.0,80.0073013306
2018-09-21,81.3300018311,80.25,81.3300018311,80.2900009155,11180100.0,79.6501693726
2018-09-24,80.6900024414,79.3499984741,79.6999969482,80.5999984741,6092500.0,79.9577026367
2018-09-25,81.2600021362,79.8700027466,80.9199981689,80.5299987793,6031700.0,79.8882598877
2018-09-26,82.4599990845,81.0199966431,81.1100006104,81.5699996948,6408700.0,80.9199676514
2018-09-27,83.2300033569,81.9199981689,81.9400024414,82.8700027466,5867700.0,82.2096176147
2018-09-28,83.75,82.7399978638,82.7600021362,83.1900024414,6724300.0,82.5270614624
2018-10-01,84.6800003052,82.3099975586,84.1800003052,83.2799987793,6221100.0,82.6163406372
2018-10-02,83.75,82.1999969482,83.0199966431,83.3899993896,5374800.0,82.7254638672
2018-10-03,83.9300003052,82.5199966431,83.8199996948,83.0199966431,4570300.0,82.3584136963
2018-10-04,82.6800003052,79.8300018311,82.5,80.3600006104,7509500.0,79.7196121216
2018-10-05,81.0,78.6600036621,80.25,79.5899963379,5281200.0,78.9557495117
2018-10-08,79.25,76.3300018311,79.0199966431,77.6299972534,6106400.0,77.0113677979
2018-10-09,78.8499984741,76.6200027466,76.8799972534,77.6399993896,4617600.0,77.0212860107
2018-10-10,77.6399993896,73.4300003052,77.4700012207,73.5800018311,9814300.0,72.9936447144
2018-10-11,75.6399993896,73.2300033569,73.8000030518,73.8499984741,7930100.0,73.2614898682
2018-10-12,80.25,76.5500030518,78.4000015259,77.9199981689,12696800.0,77.2990570068
2018-10-15,76.6999969482,74.0500030518,75.5400009155,75.6699981689,11517500.0,75.066986084
2018-10-16,78.9800033569,76.2600021362,76.4800033569,78.7300033569,7187400.0,78.1026077271
2018-10-17,78.5299987793,76.9599990845,77.3499984741,78.3000030518,5319100.0,77.67603302
2018-10-18,74.5800018311,71.2200012207,73.9700012207,71.8099975586,20153400.0,71.2377471924
2018-10-19,72.7600021362,69.5299987793,72.1999969482,69.75,10771800.0,69.1941680908
2018-10-22,70.9499969482,69.3199996948,70.0999984741,69.7799987793,5976700.0,69.2239227295
2018-10-23,69.3899993896,66.7099990845,67.7900009155,68.9800033569,6850900.0,68.430305481
2018-10-24,70.0899963379,67.2399978638,69.1299972534,67.25,11245600.0,66.7140884399
2018-10-25,70.7300033569,67.6600036621,68.0199966431,70.3199996948,7177000.0,69.7596206665
2018-10-26,70.2099990845,67.5899963379,68.25,68.8399963379,6536300.0,68.2914123535
2018-10-29,70.3399963379,63.4000015259,70.3399963379,65.2200012207,11058200.0,64.7002639771
2018-10-30,67.5,65.3399963379,65.6900024414,67.4800033569,9243400.0,66.9422607422
2018-10-31,70.1399993896,68.1200027466,68.6699981689,69.0500030518,7562000.0,68.49974823
2018-11-01,69.7300033569,67.9499969482,69.4800033569,69.3199996948,5083500.0,68.7675933838
2018-11-02,70.2900009155,68.3799972534,69.9499969482,68.9899978638,6102000.0,68.4402160645
2018-11-05,68.3000030518,64.0,68.0,64.3399963379,16399200.0,63.8272743225
2018-11-06,65.9800033569,63.6699981689,64.3199996948,64.25,9428700.0,63.7379951477
2018-11-07,66.5999984741,64.9899978638,65.2600021362,65.0899963379,12766300.0,64.5712966919
2018-11-08,65.4000015259,62.3499984741,65.3700027466,62.7900009155,14529700.0,62.2896308899
2018-11-09,56.9199981689,53.5,55.0,55.0099983215,34543400.0,54.5716247559
2018-11-12,55.5999984741,53.8100013733,55.0,53.8899993896,12803100.0,53.4605522156
2018-11-13,54.9799995422,52.3899993896,54.2000007629,52.5499992371,10335700.0,52.1312294006
2018-11-14,53.4900016785,51.3699989319,53.1899986267,51.5999984741,9099300.0,51.1888008118
2018-11-15,53.6800003052,51.0299987793,51.4099998474,53.5600013733,12304900.0,53.1331825256
2018-11-16,53.0999984741,50.8600006104,53.0600013733,50.9399986267,10695700.0,50.5340614319
2018-11-19,50.8699989319,48.8899993896,50.8100013733,49.1399993896,13063100.0,48.7484054565
2018-11-20,49.9099998474,46.8300018311,47.7700004578,49.2599983215,13801500.0,48.8674468994
2018-11-21,51.2099990845,49.8600006104,50.0400009155,50.8499984741,10184700.0,50.4447784424
2018-11-23,51.0,49.7200012207,50.4599990845,50.0499992371,5128300.0,49.6511535645
2018-11-26,51.0200004578,49.9900016785,50.6899986267,50.9099998474,9295600.0,50.5042991638
2018-11-27,50.8199996948,49.7999992371,50.6100006104,50.75,7794700.0,50.3455734253
2018-11-28,51.2099990845,49.9799995422,51.0999984741,51.0200004578,8479500.0,50.6134223938
2018-11-29,52.9099998474,50.5999984741,50.6399993896,52.5600013733,9367200.0,52.1411514282
2018-11-30,52.5499992371,49.2599983215,52.5299987793,49.8800010681,14511900.0,49.482509613
2018-12-03,51.4399986267,46.4500007629,51.0,46.5999984741,30816800.0,46.2286453247
2018-12-04,48.4000015259,46.3400001526,46.6599998474,46.5200004578,22495700.0,46.1492843628
2018-12-06,48.3100013733,45.5,46.25,48.1500015259,18516900.0,47.7662963867
2018-12-07,48.7700004578,47.2000007629,47.8699989319,47.2299995422,18277400.0,46.8536262512
2018-12-10,48.3699989319,46.6699981689,47.2299995422,47.8800010681,10970400.0,47.4984474182
2018-12-11,48.8600006104,47.7200012207,48.5699996948,48.2000007629,12474100.0,47.8158950806
2018-12-12,50.2200012207,48.4199981689,49.0499992371,48.4500007629,11453600.0,48.0639038086
2018-12-13,49.2599983215,47.7200012207,48.75,48.5099983215,7755200.0,48.12342453
2018-12-14,48.4500007629,46.9700012207,47.4700012207,47.75,7161400.0,47.3694839478
2018-12-17,48.4199981689,46.6399993896,47.5999984741,47.0800018311,10065000.0,46.7048225403
2018-12-18,47.8499984741,46.7799987793,47.75,47.3199996948,8776100.0,46.9429092407
2018-12-19,48.1199989319,45.8600006104,47.3300018311,46.3300018311,8362900.0,45.9608001709
2018-12-20,47.7299995422,45.9300003052,46.1800003052,47.0499992371,9849400.0,46.6750602722
2018-12-21,47.9599990845,44.9599990845,47.6199989319,45.8499984741,19308900.0,45.4846229553
2018-12-24,46.2900009155,43.9199981689,45.3499984741,43.9900016785,6869900.0,43.6394462585
2018-12-26,46.4500007629,43.7099990845,44.4300003052,46.4199981689,12028600.0,46.0500793457
2018-12-27,47.0600013733,45.2099990845,45.7099990845,47.0400009155,7529400.0,46.6651420593
2018-12-28,47.5900001526,46.0999984741,47.3199996948,46.7999992371,5783800.0,46.4270515442
2018-12-31,47.3199996948,46.0099983215,47.0400009155,46.5699996948,7789600.0,46.1988868713
2019-01-02,47.5099983215,45.1399993896,45.25,47.0299987793,7245700.0,46.6552200317
2019-01-03,46.6500015259,45.0,46.4399986267,45.3600006104,8266400.0,44.9985275269
2019-01-04,47.5499992371,45.1300010681,46.0,47.1699981689,9081900.0,46.7941017151
2019-01-07,49.0800018311,47.0900001526,47.2400016785,48.5,9112100.0,48.1135063171
2019-01-08,51.1100006104,49.0,49.0699996948,49.9700012207,12428700.0,49.5717926025
2019-01-09,51.4099998474,49.9099998474,50.3699989319,50.8300018311,7768800.0,50.4249382019
2019-01-10,51.4900016785,50.0900001526,50.5,51.3499984741,6416900.0,50.9407920837
2019-01-11,46.8400001526,44.4700012207,46.3800010681,46.5400009155,35424600.0,46.1691246033
2019-01-14,47.6800003052,45.8199996948,46.0699996948,47.2900009155,10183300.0,46.9131469727
2019-01-15,47.8899993896,46.6199989319,47.3300018311,46.8400001526,8190900.0,46.4667358398
2019-01-16,47.3800010681,45.8600006104,46.7599983215,47.1300010681,9299800.0,46.7544250488
2019-01-17,47.6300010681,46.4099998474,46.9500007629,47.3800010681,7828700.0,47.0024299622
2019-01-18,49.3199996948,47.8400001526,47.8899993896,48.6500015259,10563500.0,48.2623100281
2019-01-22,48.1699981689,46.8199996948,48.1699981689,47.0600013733,8415900.0,46.6849822998
2019-01-23,47.4399986267,45.6300010681,47.3199996948,46.0200004578,8951300.0,45.6532669067
2019-01-24,47.4000015259,45.8899993896,45.9399986267,47.2700004578,6007000.0,46.8933067322
2019-01-25,48.3899993896,47.0900001526,47.8600006104,47.7999992371,6175400.0,47.4190826416
2019-01-28,47.2200012207,45.9599990845,47.0,46.7400016785,8807100.0,46.3675308228
2019-01-29,46.4700012207,45.2299995422,46.3600006104,45.7299995422,7722300.0,45.3655776978
2019-01-30,46.3199996948,45.5,46.1800003052,46.3100013733,8679600.0,45.9409599304
2019-01-31,47.4900016785,45.9799995422,46.4599990845,47.2400016785,10060300.0,46.8635482788
2019-02-01,47.4900016785,45.5099983215,47.1899986267,46.0099983215,16662300.0,45.6433448792
2019-02-04,47.0299987793,46.0699996948,46.3199996948,46.7799987793,10635000.0,46.4072113037
2019-02-05,48.0900001526,46.6100006104,46.9300003052,47.8400001526,8673300.0,47.4587631226
2019-02-06,45.0,42.5299987793,45.0,43.0,34619600.0,42.657333374
2019-02-07,44.3300018311,43.0499992371,43.2099990845,43.9599990845,17457000.0,43.6096839905
2019-02-08,43.9300003052,42.8800010681,43.7799987793,43.4099998474,19275200.0,43.0640678406
2019-02-11,43.7999992371,39.8499984741,43.7999992371,40.1100006104,44932400.0,39.7903671265
2019-02-12,42.2400016785,40.1100006104,40.3400001526,41.6699981689,33515100.0,41.3379325867
2019-02-13,45.3300018311,42.8400001526,42.9300003052,44.5699996948,51708900.0,44.2148246765
2019-02-14,46.5900001526,43.7900009155,44.0900001526,45.4300003052,22540100.0,45.0679702759
2019-02-15,45.5999984741,44.1399993896,45.4700012207,44.5999984741,17152500.0,44.2445831299
2019-02-19,44.7900009155,43.5,44.4500007629,44.4799995422,17261600.0,44.125541687
2019-02-20,45.5600013733,42.4799995422,44.6699981689,42.7799987793,21193200.0,42.4390869141
2019-02-21,42.8600006104,41.6699981689,42.7000007629,41.9000015259,16645300.0,41.5661010742
2019-02-22,42.25,41.25,42.0,41.5,13074700.0,41.1692886353
2019-02-25,42.2099990845,41.0,41.8199996948,41.9599990845,12317100.0,41.6256217957
2019-02-26,42.6800003052,41.7200012207,41.8199996948,42.0800018311,9194200.0,41.7446670532
2019-02-27,42.3600006104,41.6100006104,42.0600013733,41.7900009155,8494200.0,41.4569778442
2019-02-28,42.3499984741,41.6699981689,41.7799987793,42.1399993896,12255200.0,41.8041877747
2019-03-01,43.1800003052,42.1800003052,42.5999984741,42.8400001526,9422400.0,42.4986114502
2019-03-04,43.25,41.3100013733,43.0600013733,41.7900009155,12128500.0,41.4569778442
2019-03-05,42.0,41.0499992371,41.8400001526,41.8800010681,7536600.0,41.5462608337
2019-03-06,42.8600006104,41.8600006104,41.9500007629,42.5600013733,12535200.0,42.2208404541
2019-03-07,42.4700012207,41.1800003052,42.4300003052,41.4199981689,10470600.0,41.0899238586
2019-03-08,42.1199989319,40.8899993896,41.0099983215,42.0299987793,8735200.0,41.6950645447
2019-03-11,43.0999984741,41.9900016785,42.2299995422,42.9199981689,9451100.0,42.5779685974
2019-03-12,43.1500015259,42.5600013733,43.0699996948,42.6300010681,6474800.0,42.2902832031
2019-03-13,43.9500007629,42.5699996948,42.8300018311,43.7000007629,7774200.0,43.3517570496
2019-03-14,43.9300003052,43.2299995422,43.7299995422,43.3199996948,7324700.0,42.9747848511
2019-03-15,45.1100006104,43.9099998474,44.0200004578,44.6300010681,20494100.0,44.2743453979
2019-03-18,45.1599998474,44.1199989319,44.9300003052,44.9700012207,11344600.0,44.6116371155
2019-03-19,47.2999992371,45.2900009155,45.6100006104,46.4199981689,16098900.0,46.0500793457
2019-03-20,47.0900001526,46.1300010681,46.3699989319,46.1599998474,14270400.0,45.7921524048
2019-03-21,48.8300018311,45.9000015259,46.0800018311,48.5999984741,13972900.0,48.2127075195
2019-03-22,48.4500007629,46.2799987793,48.3100013733,46.8699989319,11117700.0,46.4964942932
2019-03-25,47.5499992371,46.4199981689,46.75,46.9799995422,6976900.0,46.6056175232
2019-03-26,47.8800010681,45.9599990845,47.2799987793,46.4300003052,9712000.0,46.0600013733
2019-03-27,46.2900009155,45.2400016785,46.2900009155,45.5200004578,7813600.0,45.5200004578
2019-03-28,45.7099990845,44.8699989319,45.3400001526,45.6199989319,8347800.0,45.6199989319
2019-03-29,46.3699989319,45.0099983215,46.1800003052,45.5299987793,6643600.0,45.5299987793
2019-04-01,47.3100013733,46.1599998474,46.5,47.1199989319,9233400.0,47.1199989319
2019-04-02,47.7799987793,46.2000007629,47.4199981689,47.4599990845,9697700.0,47.4599990845
2019-04-03,48.5999984741,47.4000015259,47.75,47.6500015259,9741800.0,47.6500015259
2019-04-04,47.8199996948,46.5800018311,47.6800003052,46.9599990845,6941800.0,46.9599990845
2019-04-05,47.5400009155,46.6800003052,47.0800018311,47.2900009155,5976900.0,47.2900009155
2019-04-08,47.6300010681,46.3699989319,47.2299995422,47.5699996948,5563800.0,47.5699996948
2019-04-09,47.6500015259,46.8499984741,47.1899986267,47.0099983215,5090900.0,47.0099983215
2019-04-10,47.9599990845,47.1500015259,47.3400001526,47.8600006104,3548000.0,47.8600006104
2019-04-11,48.2400016785,46.8600006104,48.0600013733,47.1699981689,5198500.0,47.1699981689
2019-04-12,47.6800003052,46.9399986267,47.4000015259,47.2799987793,3802100.0,47.2799987793
2019-04-15,47.5699996948,45.6399993896,47.2700004578,45.75,7343500.0,45.75
2019-04-16,45.9500007629,44.7400016785,45.9500007629,45.0600013733,9742200.0,45.0600013733
2019-04-17,45.3400001526,43.9599990845,45.1699981689,44.9799995422,6663100.0,44.9799995422
2019-04-18,45.5900001526,44.6500015259,45.1800003052,45.3100013733,4582700.0,45.3100013733
2019-04-22,45.5299987793,44.7000007629,45.2400016785,45.3400001526,4229300.0,45.3400001526
2019-04-23,46.7599983215,45.4700012207,45.5999984741,46.5099983215,6263400.0,46.5099983215
2019-04-24,46.8899993896,46.0400009155,46.4500007629,46.75,5327800.0,46.75
2019-04-25,47.4599990845,46.1399993896,46.6599998474,47.4099998474,7637100.0,47.4099998474
2019-04-26,48.4799995422,47.2999992371,47.4799995422,48.1500015259,6233200.0,48.1500015259
2019-04-29,48.9799995422,48.2200012207,48.4300003052,48.4000015259,7098200.0,48.4000015259
2019-04-30,48.6500015259,47.7799987793,48.4099998474,48.2099990845,6906400.0,48.2099990845
2019-05-01,49.5600013733,48.2400016785,48.3499984741,48.5600013733,9474500.0,48.5600013733
2019-05-02,49.8300018311,48.7200012207,48.7799987793,49.5499992371,13565600.0,49.5499992371
2019-05-03,48.6699981689,46.1599998474,48.2000007629,47.1500015259,25671000.0,47.1500015259
2019-05-06,48.2000007629,46.0,46.0299987793,48.1599998474,10300500.0,48.1599998474
2019-05-07,47.9700012207,46.3499984741,47.7099990845,46.6800003052,7918500.0,46.6800003052
2019-05-08,47.3199996948,46.4000015259,47.0499992371,46.8199996948,9392500.0,46.8199996948
2019-05-09,47.0400009155,45.7000007629,46.1399993896,46.6399993896,7115400.0,46.6399993896
2019-05-10,46.6300010681,43.5200004578,46.5600013733,46.0200004578,5415400.0,46.0200004578
2019-05-13,45.1300010681,43.1699981689,44.7299995422,43.4099998474,9803000.0,43.4099998474
2019-05-14,45.1800003052,43.3800010681,43.7000007629,44.7000007629,7171500.0,44.7000007629
2019-05-15,46.5200004578,44.4300003052,44.4900016785,46.2799987793,6965600.0,46.2799987793
2019-05-16,47.3199996948,45.8199996948,46.2700004578,47.2900009155,5798700.0,47.2900009155
2019-05-17,47.3699989319,46.2999992371,46.8100013733,46.3899993896,4280800.0,46.3899993896
2019-05-20,45.6500015259,43.3300018311,45.6500015259,43.6100006104,9204200.0,43.6100006104
2019-05-21,44.0600013733,43.4000015259,43.9700012207,43.4500007629,8279600.0,43.4500007629
2019-05-22,43.6399993896,42.8300018311,42.9399986267,42.9099998474,7222900.0,42.9099998474
2019-05-23,42.7900009155,41.9500007629,42.4300003052,42.1899986267,7390000.0,42.1899986267
2019-05-24,42.7799987793,41.8400001526,42.4599990845,42.2900009155,5076100.0,42.2900009155
2019-05-28,44.7000007629,43.2799987793,43.7599983215,43.5099983215,12150000.0,43.5099983215
2019-05-29,44.1599998474,42.8400001526,43.2000007629,43.9900016785,9134300.0,43.9900016785
2019-05-30,44.4799995422,43.1599998474,44.0400009155,43.5600013733,5552900.0,43.5600013733
2019-05-31,43.7799987793,43.0099983215,43.1100006104,43.3699989319,5978700.0,43.3699989319
2019-06-03,43.3899993896,42.0999984741,43.3199996948,42.3800010681,6711100.0,42.3800010681
2019-06-04,43.6399993896,42.25,42.9799995422,43.6100006104,7621500.0,43.6100006104
2019-06-05,44.6800003052,43.4900016785,43.7700004578,44.5200004578,5768800.0,44.5200004578
2019-06-06,44.7400016785,43.7000007629,44.1500015259,44.0800018311,4699000.0,44.0800018311
2019-06-07,45.6300010681,44.0600013733,44.2799987793,45.3800010681,6785800.0,45.3800010681
2019-06-10,46.4700012207,45.2000007629,45.7700004578,46.0099983215,6405400.0,46.0099983215
2019-06-11,47.0600013733,46.1899986267,46.4900016785,46.7000007629,6679700.0,46.7000007629
2019-06-12,46.5299987793,44.9700012207,46.4599990845,45.0900001526,6155400.0,45.0900001526
2019-06-13,46.1100006104,45.0800018311,45.4500007629,46.0499992371,6204700.0,46.0499992371
2019-06-14,45.9599990845,45.1199989319,45.7999992371,45.6199989319,4629400.0,45.6199989319
2019-06-17,45.9500007629,45.0,45.7000007629,45.0699996948,7710000.0,45.0699996948
2019-06-18,46.4799995422,45.3300018311,45.5499992371,45.7700004578,6839000.0,45.7700004578
2019-06-19,45.7700004578,44.5900001526,45.7700004578,45.3300018311,5441900.0,45.3300018311
2019-06-20,46.3300018311,45.4500007629,45.9900016785,45.6699981689,4574600.0,45.6699981689
2019-06-21,45.9399986267,45.1899986267,45.5299987793,45.9099998474,7895500.0,45.9099998474
2019-06-24,47.2099990845,45.6399993896,45.6399993896,47.1500015259,7299700.0,47.1500015259
2019-06-25,47.4900016785,45.6599998474,47.0699996948,46.2000007629,8688600.0,46.2000007629
2019-06-26,47.4700012207,46.2099990845,46.3600006104,46.7299995422,5328700.0,46.7299995422
2019-06-27,47.5699996948,46.5200004578,47.0900001526,47.2799987793,6918600.0,47.2799987793
2019-06-28,47.7299995422,46.5600013733,47.5,47.2000007629,15179000.0,47.2000007629
2019-07-01,48.4599990845,47.2099990845,47.8800010681,47.5,5122000.0,47.5
2019-07-02,48.8199996948,47.6899986267,47.9599990845,47.9799995422,6682700.0,47.9799995422
2019-07-03,48.7900009155,47.7299995422,48.0499992371,48.6599998474,4024700.0,48.6599998474
2019-07-05,48.3499984741,46.6399993896,48.3300018311,48.1500015259,6379600.0,48.1500015259
2019-07-08,47.9099998474,46.2299995422,47.7999992371,46.4700012207,7680700.0,46.4700012207
2019-07-09,46.7099990845,45.7299995422,46.1699981689,46.3699989319,4349600.0,46.3699989319
2019-07-10,47.3699989319,46.5699996948,46.9000015259,46.8400001526,4476200.0,46.8400001526
2019-07-11,47.5800018311,46.4300003052,46.9199981689,47.3400001526,5206200.0,47.3400001526
2019-07-12,47.6699981689,47.0400009155,47.6300010681,47.2000007629,3707600.0,47.2000007629
2019-07-15,47.8499984741,46.8800010681,47.2599983215,47.6599998474,4361700.0,47.6599998474
2019-07-16,47.6599998474,46.6599998474,47.6100006104,46.9900016785,4876700.0,46.9900016785
2019-07-17,47.3199996948,46.4300003052,46.9199981689,46.6800003052,4791100.0,46.6800003052
2019-07-18,46.5,45.4900016785,46.4500007629,45.7200012207,8158500.0,45.7200012207
2019-07-19,46.1100006104,45.0900001526,46.0,45.1399993896,5514600.0,45.1399993896
2019-07-22,45.5999984741,44.8100013733,45.3300018311,45.5699996948,3771800.0,45.5699996948
2019-07-23,45.9300003052,45.2900009155,45.8199996948,45.9199981689,3774300.0,45.9199981689
2019-07-24,46.9900016785,45.6899986267,45.7099990845,46.8600006104,3664200.0,46.8600006104
2019-07-25,47.4000015259,46.3600006104,47.3600006104,47.1899986267,4354000.0,47.1899986267
2019-07-26,48.2299995422,47.1599998474,47.4799995422,47.9900016785,5839700.0,47.9900016785
2019-07-29,48.5299987793,47.0800018311,48.0,48.4500007629,4721500.0,48.4500007629
